languagerepresentation,length,time
Java-BitSet, 16 , 0.006365081
Java-BitSet, 32 , 0.001434606
Java-BitSet, 64 , 0.001450037
Java-BitSet, 128 , 0.001361699
Java-BitSet, 256 , 0.001350813
Java-BitSet, 512 , 0.001240836
Java-BitSet, 1024 , 9.87883E-4
Java-BitSet, 2048 , 9.65223E-4
Java-BitSet, 4096 , 9.8046E-4
Java-BitSet, 8192 , 0.001253525
Java-BitSet, 16384 , 0.001028226
Java-BitSet, 32768 , 9.95842E-4
C-BitString, 16, 0.002878
C-BitString, 32, 0.002853
C-BitString, 64, 0.002882
C-BitString, 128, 0.001657
C-BitString, 256, 0.000968
C-BitString, 512, 0.000959
C-BitString, 1024, 0.000930
C-BitString, 2048, 0.000933
C-BitString, 4096, 0.000885
C-BitString, 8192, 0.000930
C-BitString, 16384, 0.000876
C-BitString, 32768, 0.000936
Go-BitVector, 16 ,  0.007175967
Go-BitVector, 32 ,  0.006622946
Go-BitVector, 64 ,  0.007004578
Go-BitVector, 128 ,  0.006591046000000001
Go-BitVector, 256 ,  0.0067569200000000005
Go-BitVector, 512 ,  0.009016849
Go-BitVector, 1024 ,  0.010639969
Go-BitVector, 2048 ,  0.012898868
Go-BitVector, 4096 ,  0.016347362
Go-BitVector, 8192 ,  0.023365120000000003
Go-BitVector, 16384 ,  0.036971601
Go-BitVector, 32768 ,  0.064236417
C++-BitString, 16, 0.03982
C++-BitString, 32, 0.034755
C++-BitString, 64, 0.03486
C++-BitString, 128, 0.034734
C++-BitString, 256, 0.034732
C++-BitString, 512, 0.034942
C++-BitString, 1024, 0.034801
C++-BitString, 2048, 0.034712
C++-BitString, 4096, 0.03469
C++-BitString, 8192, 0.034687
C++-BitString, 16384, 0.034689
C++-BitString, 32768, 0.0349
perlsimple-BitString, 16, 0.273413
perlsimple-BitString, 32, 0.265994
perlsimple-BitString, 64, 0.265106
perlsimple-BitString, 128, 0.272828
perlsimple-BitString, 256, 0.271842
perlsimple-BitString, 512, 0.271139
perlsimple-BitString, 1024, 0.295829
perlsimple-BitString, 2048, 0.304725
perlsimple-BitString, 4096, 0.322271
perlsimple-BitString, 8192, 0.350229
perlsimple-BitString, 16384, 0.4167
perlsimple-BitString, 32768, 0.558216
julia-BitString, 16, 0.017220020294189453
julia-BitString, 32, 0.019860029220581055
julia-BitString, 64, 0.032572031021118164
julia-BitString, 128, 0.03477191925048828
julia-BitString, 256, 0.04355001449584961
julia-BitString, 512, 0.06710100173950195
julia-BitString, 1024, 0.11887407302856445
julia-BitString, 2048, 0.2292778491973877
julia-BitString, 4096, 0.43137192726135254
julia-BitString, 8192, 0.8009679317474365
julia-BitString, 16384, 1.4768359661102295
julia-BitString, 32768, 2.9785211086273193
perl-BitString, 16, 0.482481
perl-BitString, 32, 0.540642
perl-BitString, 64, 0.661331
perl-BitString, 128, 0.898549
perl-BitString, 256, 1.383042
perl-BitString, 512, 2.368915
perl-BitString, 1024, 4.335656
perl-BitString, 2048, 8.343458
perl-BitString, 4096, 16.51248
perl-BitString, 8192, 34.982834
perl-BitString, 16384, 75.239997
perl-BitString, 32768, 152.757579
perl-BitVector, 16, 1.050462
perl-BitVector, 32, 1.112492
perl-BitVector, 64, 1.265296
perl-BitVector, 128, 1.541649
perl-BitVector, 256, 2.125929
perl-BitVector, 512, 3.333787
perl-BitVector, 1024, 5.715741
perl-BitVector, 2048, 10.736707
perl-BitVector, 4096, 20.979808
perl-BitVector, 8192, 41.177028
perl-BitVector, 16384, 81.708605
perl-BitVector, 32768, 160.94695
lua-BitString, 16, 0.070344
lua-BitString, 32, 0.07284
lua-BitString, 64, 0.080803
lua-BitString, 128, 0.093962
lua-BitString, 256, 0.106711
lua-BitString, 512, 0.107946
lua-BitString, 1024, 0.129771
lua-BitString, 2048, 0.160974
lua-BitString, 4096, 0.212481
lua-BitString, 8192, 0.313104
lua-BitString, 16384, 0.499307
lua-BitString, 32768, 1.002433
Scala-BitString, 16, 0.069225338
Scala-BitString, 32, 0.062408061
Scala-BitString, 64, 0.088108213
Scala-BitString, 128, 0.153541935
Scala-BitString, 256, 0.287573328
Scala-BitString, 512, 0.544505181
Scala-BitString, 1024, 1.070608829
Scala-BitString, 2048, 2.09180867
Scala-BitString, 4096, 4.099220507
Scala-BitString, 8192, 8.213048196
Scala-BitString, 16384, 16.482310471
Scala-BitString, 32768, 32.911675214
Scala-BitVector, 16, 0.016529038
Scala-BitVector, 32, 0.005922658
Scala-BitVector, 64, 0.009432891
Scala-BitVector, 128, 0.004669446
Scala-BitVector, 256, 0.004896946
Scala-BitVector, 512, 0.005041901
Scala-BitVector, 1024, 0.004841881
Scala-BitVector, 2048, 0.014118012
Scala-BitVector, 4096, 0.010579235
Scala-BitVector, 8192, 0.010540947
Scala-BitVector, 16384, 0.012124191
Scala-BitVector, 32768, 0.010561297
node-BitString, 16, 0.210897321
node-BitString, 32, 0.214522753
node-BitString, 64, 0.215479091
node-BitString, 128, 0.218481655
node-BitString, 256, 0.229613131
node-BitString, 512, 0.240409293
node-BitString, 1024, 0.260645143
node-BitString, 2048, 0.320328335
node-BitString, 4096, 0.515902097
node-BitString, 8192, 0.991518485
node-BitString, 16384, 2.025618263
node-BitString, 32768, 3.815266667
python-BitString, 16, 0.11388
python-BitString, 32, 0.124214
python-BitString, 64, 0.147883
python-BitString, 128, 0.187275
python-BitString, 256, 0.238703
python-BitString, 512, 0.354447
python-BitString, 1024, 0.579848
python-BitString, 2048, 1.03412
python-BitString, 4096, 1.96719
python-BitString, 8192, 3.952052
python-BitString, 16384, 7.844721
python-BitString, 32768, 15.901667
PHP-BitString, 16, 0.021941184997559
PHP-BitString, 32, 0.022264003753662
PHP-BitString, 64, 0.021641969680786
PHP-BitString, 128, 0.022403001785278
PHP-BitString, 256, 0.022532939910889
PHP-BitString, 512, 0.022615909576416
PHP-BitString, 1024, 0.022220134735107
PHP-BitString, 2048, 0.022724151611328
PHP-BitString, 4096, 0.022691011428833
PHP-BitString, 8192, 0.022722005844116
PHP-BitString, 16384, 0.02197790145874
PHP-BitString, 32768, 0.021615028381348
CSharp-BitVector,16,0.0019007
CSharp-BitVector,32,0.0017432
CSharp-BitVector,64,0.0018836
CSharp-BitVector,128,0.0021962
CSharp-BitVector,256,0.0018554
CSharp-BitVector,512,0.0017323
CSharp-BitVector,1024,0.001726
CSharp-BitVector,2048,0.0017464
CSharp-BitVector,4096,0.0017518
CSharp-BitVector,8192,0.0017144
CSharp-BitVector,16384,0.0017219
CSharp-BitVector,32768,0.0017374

