languagerepresentation, length, time, datastructure, normtime
Scala-BitString, 16384, 16.482310471, BitString, 0.219063146307675
Scala-BitString, 256, 0.287573328, BitString, 0.20792812365785
Scala-BitString, 2048, 2.09180867, BitString, 0.250712434820191
Scala-BitString, 4096, 4.099220507, BitString, 0.248249839333643
Scala-BitString, 64, 0.088108213, BitString, 0.133228614717895
Scala-BitString, 128, 0.153541935, BitString, 0.170877642732895
Scala-BitString, 16, 0.069225338, BitString, 0.143477853013901
Scala-BitString, 32768, 32.911675214, BitString, 0.215450358859118
Scala-BitString, 1024, 1.070608829, BitString, 0.246931220788734
Scala-BitString, 8192, 8.213048196, BitString, 0.23477366630731
Scala-BitString, 512, 0.544505181, BitString, 0.229854250152496
Scala-BitString, 32, 0.062408061, BitString, 0.11543324602972
CSharp-BitVector, 8192, 0.0017144, BitVector, 4.90068929235407e-05
CSharp-BitVector, 32, 0.0017432, BitVector, 0.00322431479611277
CSharp-BitVector, 512, 0.0017323, BitVector, 0.000731263046584618
CSharp-BitVector, 32768, 0.0017374, BitVector, 1.13735764298804e-05
CSharp-BitVector, 1024, 0.001726, BitVector, 0.000398094313755519
CSharp-BitVector, 64, 0.0018836, BitVector, 0.00284819553294795
CSharp-BitVector, 4096, 0.0017518, BitVector, 0.000106089454763912
CSharp-BitVector, 128, 0.0021962, BitVector, 0.00244416275573174
CSharp-BitVector, 16, 0.0019007, BitVector, 0.00393942973920217
CSharp-BitVector, 16384, 0.0017219, BitVector, 2.28854341926675e-05
CSharp-BitVector, 256, 0.0018554, BitVector, 0.00134153554266609
CSharp-BitVector, 2048, 0.0017464, BitVector, 0.00020931369223648
node-BitString, 128, 0.218481655, BitString, 0.24314940531902
node-BitString, 16, 0.210897321, BitString, 0.43711010589018
node-BitString, 64, 0.215479091, BitString, 0.325826387996329
node-BitString, 4096, 0.515902097, BitString, 0.0312431625655262
node-BitString, 2048, 0.320328335, BitString, 0.0383927545389454
node-BitString, 256, 0.229613131, BitString, 0.16602036019152
node-BitString, 16384, 2.025618263, BitString, 0.0269220938831244
node-BitString, 32, 0.214522753, BitString, 0.39679261507615
node-BitString, 512, 0.240409293, BitString, 0.101484980676808
node-BitString, 8192, 0.991518485, BitString, 0.0283430005985221
node-BitString, 1024, 0.260645143, BitString, 0.0601166566258947
node-BitString, 32768, 3.815266667, BitString, 0.0249759566234026
perl-BitString, 16384, 75.239997, BitString, 1
perl-BitString, 256, 1.383042, BitString, 1
perl-BitString, 2048, 8.343458, BitString, 1
perl-BitString, 64, 0.661331, BitString, 1
perl-BitString, 4096, 16.51248, BitString, 1
perl-BitString, 16, 0.482481, BitString, 1
perl-BitString, 128, 0.898549, BitString, 1
perl-BitString, 1024, 4.335656, BitString, 1
perl-BitString, 32768, 152.757579, BitString, 1
perl-BitString, 8192, 34.982834, BitString, 1
perl-BitString, 32, 0.540642, BitString, 1
perl-BitString, 512, 2.368915, BitString, 1
python-BitString, 2048, 1.03412, BitString, 0.123943813224685
python-BitString, 256, 0.238703, BitString, 0.172592733987833
python-BitString, 16384, 7.844721, BitString, 0.104262643710632
python-BitString, 128, 0.187275, BitString, 0.208419351643594
python-BitString, 16, 0.11388, BitString, 0.236030019834978
python-BitString, 4096, 1.96719, BitString, 0.119133528095114
python-BitString, 64, 0.147883, BitString, 0.223614196219442
python-BitString, 1024, 0.579848, BitString, 0.133739392608639
python-BitString, 32768, 15.901667, BitString, 0.104097401281805
python-BitString, 512, 0.354447, BitString, 0.149624195042878
python-BitString, 32, 0.124214, BitString, 0.229752775404057
python-BitString, 8192, 3.952052, BitString, 0.112971178950225
Go-BitVector, 2048, 0.012898868, BitVector, 0.00154598584903286
Go-BitVector, 16384, 0.036971601, BitVector, 0.000491382276370904
Go-BitVector, 256, 0.0067569200000000005, BitVector, 0.00488554939040174
Go-BitVector, 128, 0.006591046000000001, BitVector, 0.00733521043371035
Go-BitVector, 16, 0.007175967, BitVector, 0.0148730561410708
Go-BitVector, 4096, 0.016347362, BitVector, 0.000990000411809734
Go-BitVector, 64, 0.007004578, BitVector, 0.0105916371680747
Go-BitVector, 1024, 0.010639969, BitVector, 0.0024540620842613
Go-BitVector, 32768, 0.064236417, BitVector, 0.000420512143623329
Go-BitVector, 512, 0.009016849, BitVector, 0.00380632019299975
Go-BitVector, 32, 0.006622946, BitVector, 0.0122501507467048
Go-BitVector, 8192, 0.023365120000000003, BitVector, 0.000667902434662669
PHP-BitString, 1024, 0.022220134735107, BitString, 0.00512497641305191
PHP-BitString, 32768, 0.021615028381348, BitString, 0.000141498893363242
PHP-BitString, 512, 0.022615909576416, BitString, 0.00954694852977671
PHP-BitString, 32, 0.022264003753662, BitString, 0.0411806773311396
PHP-BitString, 8192, 0.022722005844116, BitString, 0.000649518728074346
PHP-BitString, 2048, 0.022724151611328, BitString, 0.00272358914149601
PHP-BitString, 16384, 0.02197790145874, BitString, 0.000292103965112332
PHP-BitString, 256, 0.022532939910889, BitString, 0.0162923034230985
PHP-BitString, 128, 0.022403001785278, BitString, 0.0249324208087461
PHP-BitString, 16, 0.021941184997559, BitString, 0.0454757492990584
PHP-BitString, 64, 0.021641969680786, BitString, 0.0327248680022349
PHP-BitString, 4096, 0.022691011428833, BitString, 0.00137417343904931
Scala-BitVector, 128, 0.004669446, BitVector, 0.00519665149034722
Scala-BitVector, 16, 0.016529038, BitVector, 0.0342584226114603
Scala-BitVector, 64, 0.009432891, BitVector, 0.0142634943772483
Scala-BitVector, 4096, 0.010579235, BitVector, 0.000640681169636542
Scala-BitVector, 2048, 0.014118012, BitVector, 0.00169210559938098
Scala-BitVector, 16384, 0.012124191, BitVector, 0.000161140237685017
Scala-BitVector, 256, 0.004896946, BitVector, 0.00354070664520673
Scala-BitVector, 32, 0.005922658, BitVector, 0.0109548610725767
Scala-BitVector, 512, 0.005041901, BitVector, 0.00212835876340012
Scala-BitVector, 8192, 0.010540947, BitVector, 0.000301317697702822
Scala-BitVector, 1024, 0.004841881, BitVector, 0.00111675857125196
Scala-BitVector, 32768, 0.010561297, BitVector, 6.91376301531985e-05
C++-BitString, 2048, 0.034712, BitString, 0.004160385298278
C++-BitString, 256, 0.034732, BitString, 0.0251127586870102
C++-BitString, 16384, 0.034689, BitString, 0.00046104467548025
C++-BitString, 128, 0.034734, BitString, 0.0386556548390794
C++-BitString, 16, 0.03982, BitString, 0.0825317473641449
C++-BitString, 4096, 0.03469, BitString, 0.00210083524703739
C++-BitString, 64, 0.03486, BitString, 0.0527118795278008
C++-BitString, 32768, 0.0349, BitString, 0.000228466569243023
C++-BitString, 1024, 0.034801, BitString, 0.00802669769003814
C++-BitString, 32, 0.034755, BitString, 0.0642846837648573
C++-BitString, 512, 0.034942, BitString, 0.0147502126500951
C++-BitString, 8192, 0.034687, BitString, 0.000991543452425838
julia-BitString, 16384, 1.4768359661102295, BitString, 0.0196283363237007
julia-BitString, 256, 0.04355001449584961, BitString, 0.031488569758438
julia-BitString, 2048, 0.2292778491973877, BitString, 0.0274799548577326
julia-BitString, 64, 0.032572031021118164, BitString, 0.0492522368089779
julia-BitString, 4096, 0.43137192726135254, BitString, 0.0261239939283107
julia-BitString, 16, 0.017220020294189453, BitString, 0.0356905666631213
julia-BitString, 128, 0.03477191925048828, BitString, 0.0386978553762658
julia-BitString, 32768, 2.9785211086273193, BitString, 0.0194983524099143
julia-BitString, 1024, 0.11887407302856445, BitString, 0.0274177824598087
julia-BitString, 8192, 0.8009679317474365, BitString, 0.0228960275701916
julia-BitString, 512, 0.06710100173950195, BitString, 0.0283256266009975
julia-BitString, 32, 0.019860029220581055, BitString, 0.0367341590564201
lua-BitString, 128, 0.093962, BitString, 0.104570813611723
lua-BitString, 16, 0.070344, BitString, 0.1457964147811
lua-BitString, 64, 0.080803, BitString, 0.122182386732211
lua-BitString, 4096, 0.212481, BitString, 0.0128679035493154
lua-BitString, 2048, 0.160974, BitString, 0.0192934392430573
lua-BitString, 16384, 0.499307, BitString, 0.00663619112052862
lua-BitString, 256, 0.106711, BitString, 0.0771567313212469
lua-BitString, 32, 0.07284, BitString, 0.134728711420866
lua-BitString, 512, 0.107946, BitString, 0.0455676966037194
lua-BitString, 8192, 0.313104, BitString, 0.00895021826990918
lua-BitString, 1024, 0.129771, BitString, 0.0299311107707807
lua-BitString, 32768, 1.002433, BitString, 0.00656224723226335
perl-BitVector, 512, 3.333787, BitVector, 1.40730545418472
perl-BitVector, 32, 1.112492, BitVector, 2.05772396521173
perl-BitVector, 8192, 41.177028, BitVector, 1.17706381364071
perl-BitVector, 1024, 5.715741, BitVector, 1.31831053939704
perl-BitVector, 32768, 160.94695, BitVector, 1.0536102434564
perl-BitVector, 128, 1.541649, BitVector, 1.7157094382165
perl-BitVector, 16, 1.050462, BitVector, 2.1772090507191
perl-BitVector, 64, 1.265296, BitVector, 1.91325675040184
perl-BitVector, 4096, 20.979808, BitVector, 1.27054252298867
perl-BitVector, 2048, 10.736707, BitVector, 1.28684137919793
perl-BitVector, 256, 2.125929, BitVector, 1.53713986993887
perl-BitVector, 16384, 81.708605, BitVector, 1.08597299651673
Java-BitSet, 512, 0.001240836, BitSet, 0.000523799292080974
Java-BitSet, 32, 0.001434606, BitSet, 0.00265352303372657
Java-BitSet, 8192, 0.001253525, BitSet, 3.5832574342033e-05
Java-BitSet, 32768, 9.95842E-4, BitSet, 6.5191004369086e-06
Java-BitSet, 1024, 9.87883E-4, BitSet, 0.000227850871932644
Java-BitSet, 128, 0.001361699, BitSet, 0.00151544211834858
Java-BitSet, 16, 0.006365081, BitSet, 0.013192397213569
Java-BitSet, 4096, 9.8046E-4, BitSet, 5.93769076480335e-05
Java-BitSet, 64, 0.001450037, BitSet, 0.00219260400616333
Java-BitSet, 2048, 9.65223E-4, BitSet, 0.000115686205887295
Java-BitSet, 16384, 0.001028226, BitSet, 1.36659495082117e-05
Java-BitSet, 256, 0.001350813, BitSet, 0.000976697020047113
C-BitString, 64, 0.002882, BitString, 0.00435787827880441
C-BitString, 4096, 0.000885, BitString, 5.35958257027412e-05
C-BitString, 128, 0.001657, BitString, 0.00184408418461319
C-BitString, 16, 0.002878, BitString, 0.0059650017306381
C-BitString, 16384, 0.000876, BitString, 1.16427436859148e-05
C-BitString, 256, 0.000968, BitString, 0.000699906438126969
C-BitString, 2048, 0.000933, BitString, 0.000111824138145119
C-BitString, 8192, 0.000930, BitString, 2.65844671132133e-05
C-BitString, 512, 0.000959, BitString, 0.000404826682257489
C-BitString, 32, 0.002853, BitString, 0.00527705949593261
C-BitString, 32768, 0.000936, BitString, 6.12735555333723e-06
C-BitString, 1024, 0.000930, BitString, 0.000214500412394341
perlsimple-BitString, 2048, 0.304725, BitString, 0.0365226264697443
perlsimple-BitString, 256, 0.271842, BitString, 0.196553683836066
perlsimple-BitString, 16384, 0.4167, BitString, 0.00553827773278619
perlsimple-BitString, 128, 0.272828, BitString, 0.30363174406738
perlsimple-BitString, 16, 0.273413, BitString, 0.566681382272048
perlsimple-BitString, 4096, 0.322271, BitString, 0.0195168139492069
perlsimple-BitString, 64, 0.265106, BitString, 0.400867341769855
perlsimple-BitString, 32768, 0.558216, BitString, 0.00365426058500181
perlsimple-BitString, 1024, 0.295829, BitString, 0.0682316586002211
perlsimple-BitString, 512, 0.271139, BitString, 0.114457040459451
perlsimple-BitString, 32, 0.265994, BitString, 0.491996552247143
perlsimple-BitString, 8192, 0.350229, BitString, 0.0100114530457995
